,resume
2879,experienced professional skilled in data cleaning novel writing
6109,experienced professional skilled in git singing
6645,experienced professional skilled in reporting power bi tableau nlp ai
483,experienced professional skilled in tensorflow keras pytorch computer vision nlp llm
5810,experienced professional skilled in tableau painting
9956,experienced professional skilled in keras cloud tensorflow python mlops policy child wind ball a gun sea level pretty blue gas contain away agi ai nlp gpt
3282,experienced professional skilled in cloud mlops computer vision tensorflow pytorch marriage newspaper company expert yet thousand know fire author although camera film cultural expert llm machine learning nlp
2508,experienced professional skilled in system design git rest apis agile java llm expert
7075,experienced professional skilled in system design rest apis agile writer cause threat by step state sure whole say such teacher so fall appear gpt langchain
2291,experienced professional skilled in rest apis docker agile langchain
6380,experienced professional skilled in keras painting
311,experienced professional skilled in keras travel
9018,experienced professional skilled in sql nlp machine learning different little paper mean company significant pressure stuff drug return charge kitchen travel work fill class gpt agi
7879,experienced professional skilled in pytorch python tensorflow cloud langchain gpt
4913,experienced professional skilled in git system design agile spring boot java agi gpt
9581,experienced professional skilled in python nlp sql statistics machine learning
933,experienced professional skilled in user stories stakeholder management product roadmap agile deep learning ai
7036,experienced professional skilled in tensorflow keras cloud half exist part similar him century house democratic themselves positive expert gpt
3616,experienced professional skilled in stakeholder management agile scrum user stories product roadmap guess whatever information need deep learning machine learning langchain gpt
8945,experienced professional skilled in pytorch cloud keras eat member identify task join present offer difficult instead class several onto surface likely discuss relate game foreign list nlp gpt llm ai
8990,experienced professional skilled in pytorch computer vision tensorflow python grow baby never hand langchain ai agi nlp
7868,experienced professional skilled in agile cooking
9297,experienced professional skilled in python painting
3465,experienced professional skilled in mlops keras python yard blue possible question recent popular well however already must business federal everybody answer benefit langchain machine learning
5908,experienced professional skilled in git docker nlp
5272,experienced professional skilled in data cleaning sql reporting excel tableau trial dream economy three face just bag new recently night development machine learning gpt ai nlp
1426,experienced professional skilled in pytorch keras computer vision nlp
1857,experienced professional skilled in scrum agile stakeholder management user stories chair exist conference school though in main rock always take machine learning ai deep learning agi
9303,experienced professional skilled in computer vision python pytorch keras cloud mlops least hit audience city name loss somebody campaign century know upon rest call goal expert langchain llm agi
8957,experienced professional skilled in agile user stories stakeholder management bad term either attorney community fill size investment better evidence least per fast see democrat across let skin thing mean expert ai
9470,experienced professional skilled in cloud computer vision pytorch tensorflow mlops couple require word reflect far point meet plant maybe hold safe ground case design fight man mission direction real woman understand rate long hope send who llm nlp langchain agi
6450,experienced professional skilled in keras pytorch python ai
263,experienced professional skilled in reporting power bi data cleaning sql his left difference when short order senior cell behavior maintain public school important mean langchain gpt agi nlp
9827,experienced professional skilled in java spring boot system design docker agile langchain deep learning
62,experienced professional skilled in pandas statistics python machine learning
9889,experienced professional skilled in mlops yoga
5027,experienced professional skilled in docker git agile expert
1425,experienced professional skilled in nlp deep learning python others why reach only coach through still shoulder sense much represent key service group professional gpt ai expert machine learning
7492,experienced professional skilled in user stories product roadmap scrum stakeholder management work account cut arm do rock walk condition make machine learning llm agi nlp
8277,experienced professional skilled in excel tableau power bi nlp
7231,experienced professional skilled in sql excel data cleaning reporting power bi money can whose but factor couple leader people last project throughout fact where subject evidence listen modern dream else machine learning expert deep learning langchain
8678,experienced professional skilled in sql gardening
5877,experienced professional skilled in scrum singing
3802,experienced professional skilled in computer vision singing
3425,experienced professional skilled in mlops cloud keras pytorch tensorflow nlp deep learning
9741,experienced professional skilled in mlops computer vision keras llm nlp
7722,experienced professional skilled in agile git java system design langchain
9224,experienced professional skilled in java git docker rest apis agi
9330,experienced professional skilled in pytorch tensorflow python cloud llm
1870,experienced professional skilled in agile yoga
4061,experienced professional skilled in novel writing painting yoga
5128,experienced professional skilled in data cleaning excel tableau dream high nor manager mrs course put point various process image drive bad four drive relate eight deep learning gpt
413,experienced professional skilled in power bi travel
7107,experienced professional skilled in machine learning sql pandas ai
3492,experienced professional skilled in tableau reporting data cleaning course else such offer myself walk many sister drop believe kind ai nlp
892,experienced professional skilled in tableau sql excel llm deep learning
3872,experienced professional skilled in sql excel power bi care race hair hour surface another have deep learning langchain agi expert
8213,experienced professional skilled in pandas nlp deep learning soon book should we dark beautiful century message expert data toward ai langchain
1410,experienced professional skilled in pandas painting
4815,experienced professional skilled in agile system design docker machine learning
885,experienced professional skilled in git novel writing
7395,experienced professional skilled in sql painting
5907,experienced professional skilled in product roadmap user stories stakeholder management nlp llm
3598,experienced professional skilled in computer vision keras python tensorflow pytorch llm ai
4551,experienced professional skilled in python machine learning pandas deep learning langchain gpt
9461,experienced professional skilled in nlp statistics machine learning agi llm
6091,experienced professional skilled in tensorflow cloud computer vision nlp
7137,experienced professional skilled in pytorch cloud keras others easy sell since mind agency her outside now among anyone long interest church relationship leg measure evening mouth beat message ai machine learning
1337,experienced professional skilled in tableau data cleaning excel power bi sql ai machine learning
207,experienced professional skilled in stakeholder management product roadmap agile gpt
5044,experienced professional skilled in photography novel writing painting
7245,experienced professional skilled in sql reporting data cleaning power bi excel real treatment meeting fast sister give manage ability build trip book laugh should research wife board space deep learning agi ai llm
4946,experienced professional skilled in sql yoga
3732,experienced professional skilled in computer vision pytorch cloud mlops keras deep learning ai
7233,experienced professional skilled in reporting excel data cleaning affect effort front yeah few look nice until drop letter chance loss theory pick deep learning ai agi machine learning
7700,experienced professional skilled in stakeholder management user stories product roadmap deep learning gpt
469,experienced professional skilled in product roadmap stakeholder management user stories expert
1179,experienced professional skilled in machine learning cooking
7457,experienced professional skilled in sql nlp machine learning deep learning statistics langchain agi
3975,experienced professional skilled in tableau reporting power bi data cleaning deep learning langchain
8108,experienced professional skilled in tableau power bi nlp
4332,experienced professional skilled in pandas python deep learning machine learning nlp sql statistics usually a kid follow skill item avoid check sit decide sing box include langchain gpt
3988,experienced professional skilled in machine learning python deep learning llm
6131,experienced professional skilled in system design yoga
358,experienced professional skilled in data cleaning sql power bi tableau llm machine learning
8472,experienced professional skilled in cloud python keras relate goal speech almost republican mention art laugh fish pick could professor concern month help team six ai machine learning langchain nlp
7676,experienced professional skilled in excel data cleaning tableau ai
7240,experienced professional skilled in mlops pytorch python cloud tensorflow fast idea choice pick evening a the create time more box need throughout black paper wait throughout part ai llm nlp agi
4380,experienced professional skilled in agile user stories scrum deep learning langchain
2265,experienced professional skilled in keras singing
3121,experienced professional skilled in agile git system design docker java million subject get sell player republican wish listen look herself anyone education natural business deep learning ai expert agi
6976,experienced professional skilled in agile stakeholder management scrum user stories product roadmap study price employee share rather oil floor land month world yourself eat present shoulder agi llm deep learning expert
231,experienced professional skilled in keras tensorflow cloud finally loss identify they price trial at figure support city size education candidate movement bad whether fall protect ai machine learning
6363,experienced professional skilled in git java system design rest apis docker certainly town finish generation stand apply see should simple human school different langchain expert deep learning machine learning
8134,experienced professional skilled in sql tableau data cleaning power bi llm deep learning
494,experienced professional skilled in cloud python computer vision deep learning
1395,experienced professional skilled in reporting excel power bi his church doctor dark sense langchain agi machine learning expert
1672,experienced professional skilled in product roadmap agile user stories agi
9218,experienced professional skilled in stakeholder management user stories agile agent citizen major face create not reality top majority could let design wife subject cup popular llm ai
6799,experienced professional skilled in deep learning nlp machine learning statistics langchain
3404,experienced professional skilled in reporting photography
4101,experienced professional skilled in mlops python computer vision keras cloud machine learning nlp
1820,experienced professional skilled in computer vision cloud keras agi
6748,experienced professional skilled in git singing
5729,experienced professional skilled in scrum stakeholder management nlp
3457,experienced professional skilled in scrum stakeholder management agile user stories staff assume however matter letter participant herself somebody president person indeed ahead season evidence statement team thought end challenge image subject nlp gpt ai llm
3775,experienced professional skilled in keras python mlops cloud tensorflow ai nlp
2636,experienced professional skilled in stakeholder management yoga
8316,experienced professional skilled in java system design docker amount final air religious paper account consider improve box suggest conference guess doctor deep learning nlp ai agi
6997,experienced professional skilled in computer vision cloud python keras tensorflow pytorch itself order individual magazine space work matter style particular later which ten now war box art matter agent produce early house stay gpt langchain agi llm
1132,experienced professional skilled in cloud gardening
6511,experienced professional skilled in mlops cooking
798,experienced professional skilled in deep learning statistics sql machine learning agi ai
2780,experienced professional skilled in rest apis docker system design git speech view whatever involve significant memory boy owner century after moment prepare be mother ever machine learning langchain ai gpt
5474,experienced professional skilled in python photography
6987,experienced professional skilled in machine learning deep learning
9648,experienced professional skilled in machine learning nlp sql life administration congress something them nation not take decade base hear large this carry deep learning
2854,experienced professional skilled in rest apis docker system design machine learning langchain
8981,experienced professional skilled in reporting tableau sql machine learning nlp
5304,experienced professional skilled in statistics deep learning python machine learning four bit security difference blood interest property free use away visit side seat check music movie decision employee turn first carry langchain ai agi machine learning
5508,experienced professional skilled in agile scrum product roadmap style parent operation claim interest sea begin power kitchen reflect study after five process interview way threat leader by everyone occur expert llm gpt agi
4331,experienced professional skilled in docker java agile spring boot git machine learning agi
1668,experienced professional skilled in user stories stakeholder management scrum agile simple skill government usually us subject morning american artist century among officer good we bill event treat enter significant current several many loss how crime church sure ai langchain nlp llm
9616,experienced professional skilled in pytorch photography
2653,experienced professional skilled in scrum novel writing
5854,experienced professional skilled in agile git spring boot whole color point degree table poor cut agi gpt
3532,experienced professional skilled in stakeholder management agile scrum user stories product roadmap within clear road until chair technology modern join where allow trip republican consumer possible speak until safe man langchain agi llm nlp
475,experienced professional skilled in user stories scrum stakeholder management agi llm
9864,experienced professional skilled in tableau singing
7532,experienced professional skilled in user stories product roadmap agile scrum car bill car treatment rate sometimes summer have art you social girl just when machine learning langchain gpt ai
4238,experienced professional skilled in pandas nlp statistics machine learning deep learning agi expert
8165,experienced professional skilled in reporting sql power bi excel project military provide example during might health nlp machine learning deep learning expert
3064,experienced professional skilled in system design docker java rest apis spring boot gpt ai
1854,experienced professional skilled in stakeholder management user stories scrum woman bed list a debate south available beat site body figure likely would exist machine learning llm deep learning langchain
4847,experienced professional skilled in data cleaning novel writing
1647,experienced professional skilled in data cleaning power bi tableau excel llm expert
1112,experienced professional skilled in travel photography singing
9800,experienced professional skilled in scrum agile stakeholder management product roadmap user stories conference teacher attack system model skin admit last when check expert ai agi gpt
3577,experienced professional skilled in python nlp statistics machine learning deep learning
5832,experienced professional skilled in system design agile git llm
3371,experienced professional skilled in python painting
7304,experienced professional skilled in agile spring boot java rest apis machine learning
1280,experienced professional skilled in java docker spring boot religious too oil threat focus learn school appear ground book admit hand special four nlp gpt
7462,experienced professional skilled in keras tensorflow pytorch agent blood five agent amount all explain it save keep langchain gpt expert ai
8443,experienced professional skilled in deep learning python sql pandas nlp ai
8029,experienced professional skilled in data cleaning power bi expert
6900,experienced professional skilled in python sql machine learning
9805,experienced professional skilled in python cloud pytorch computer vision keras painting another to his teach couple enjoy region big interesting interview give other speak gpt langchain machine learning nlp
8219,experienced professional skilled in statistics deep learning machine learning python sql expert ai
4557,experienced professional skilled in mlops cloud python computer vision machine learning
887,experienced professional skilled in stakeholder management agile user stories scrum machine learning gpt
5030,experienced professional skilled in git agile java collection government owner once there model science store factor nation pattern compare ok international prepare reduce type city time machine learning agi
4655,experienced professional skilled in mlops computer vision tensorflow cloud pytorch nlp agi
1736,experienced professional skilled in computer vision cloud pytorch tensorflow langchain gpt
3455,experienced professional skilled in power bi data cleaning reporting sql tableau machine learning nlp
9241,experienced professional skilled in cloud keras mlops python pytorch watch suggest bag determine management need difficult blue maybe kind movement suggest glass last to person langchain expert deep learning gpt
5852,experienced professional skilled in power bi data cleaning sql tableau excel reporting care subject power heart impact dinner carry increase along i ago black soon life wife leader hair people early pass common mind project arm project machine learning langchain agi deep learning
1353,experienced professional skilled in mlops travel
6730,experienced professional skilled in cooking photography travel
1577,experienced professional skilled in nlp travel
6369,experienced professional skilled in agile spring boot java langchain
4636,experienced professional skilled in agile product roadmap langchain
4867,experienced professional skilled in nlp pandas deep learning gpt
5706,experienced professional skilled in mlops cloud nlp
2022,experienced professional skilled in machine learning yoga
6643,experienced professional skilled in user stories product roadmap scrum agile voice peace smile similar power reason event fish design star strong prevent subject either party around window llm machine learning nlp expert
3721,experienced professional skilled in reporting excel power bi sql tableau llm agi
7538,experienced professional skilled in reporting tableau excel data cleaning power bi accept month send experience land have down shake late drive dinner very cultural simply man year benefit him foreign left agi langchain ai deep learning
4587,experienced professional skilled in agile git java docker spring boot gpt langchain
9042,experienced professional skilled in stakeholder management gardening
7595,experienced professional skilled in data cleaning singing
6886,experienced professional skilled in pytorch painting
1279,experienced professional skilled in statistics pandas python ai llm
1831,experienced professional skilled in scrum user stories agile llm langchain
6854,experienced professional skilled in excel reporting tableau book worry above trouble important real machine learning ai
9225,experienced professional skilled in docker system design agile spring boot java use forward leader however official white knowledge power article bed agency wife give no wind huge we recognize thought gpt expert langchain deep learning
2722,experienced professional skilled in keras python tensorflow computer vision llm
1212,experienced professional skilled in git docker java agile spring boot rest apis ahead newspaper less ask a whatever degree see thing choice nlp agi deep learning llm
2990,experienced professional skilled in sql excel tableau admit answer base morning feeling change benefit learn for my able picture who decide nlp agi
4097,experienced professional skilled in python yoga
4161,experienced professional skilled in product roadmap stakeholder management scrum machine learning deep learning
9933,experienced professional skilled in sql statistics machine learning deep learning ai
2382,experienced professional skilled in sql power bi nlp
915,experienced professional skilled in tableau painting
9153,experienced professional skilled in excel reporting power bi ai
9381,experienced professional skilled in rest apis git agile suffer force not real stuff life middle up also talk follow onto painting area leg name artist which morning treatment nlp ai
8700,experienced professional skilled in pandas novel writing
8326,experienced professional skilled in rest apis spring boot git agi
8550,experienced professional skilled in docker git system design agile rest apis spring boot java significant benefit option direction thus guy financial agi deep learning langchain machine learning
436,experienced professional skilled in tableau excel data cleaning power bi sql occur employee debate away prove take reach gpt llm langchain agi
8169,experienced professional skilled in computer vision tensorflow cloud keras deep learning expert
7792,experienced professional skilled in tableau power bi data cleaning sql reporting agi ai
9617,experienced professional skilled in tableau excel data cleaning llm deep learning
4678,experienced professional skilled in excel reporting data cleaning power bi tableau increase share plant five deal fund matter ever stock his stage that test what indicate walk traditional firm nlp machine learning agi ai
6703,experienced professional skilled in stakeholder management user stories machine learning
5635,experienced professional skilled in pandas sql nlp machine learning
6676,experienced professional skilled in singing travel painting
3651,experienced professional skilled in pytorch tensorflow keras langchain
8951,experienced professional skilled in spring boot docker java system design agile langchain gpt
3383,experienced professional skilled in machine learning nlp sql discuss item large north follow front mind hand in community north national ai gpt
